{
    "kevin": {
        "message": [],
        "blackList": [],
        "active_period": [
            {
                "start": 1636868942.9179914,
                "end": 1636869108.1342227
            },
            {
                "start": 1636869128.054328,
                "end": 1636869128.055336
            }
        ]
    },
    "kev": {
        "message": [],
        "blackList": [],
        "active_period": [
            {
                "start": 1636868897.0872452,
                "end": 1636868908.8869867
            },
            {
                "start": 1636868919.0153255,
                "end": 1636869107.9152267
            },
            {
                "start": 1636869116.6218486,
                "end": 1636869116.6228356
            }
        ]
    },
    "kelvin": {
        "message": [],
        "blackList": [],
        "active_period": []
    }
}